{
    "rmse": 0.727428889164385,
    "mae": 0.569510493107595,
    "r2": 0.26950434679422797
}