{
    "rmse": 0.7237902931225692,
    "mae": 0.557522794993594,
    "r2": 0.19894126164080472
}