{
    "rmse": 0.667615951786975,
    "mae": 0.5222212512214902,
    "r2": 0.24454952432898058
}